City_ID,City,Country,Lat,Long,Max Temp,Humidity,Cloudiness,Wind Speed,Current Description
0,Namatanai,PG,-3.67,152.43,87.06,62,28,1.3,scattered clouds
1,Bluff,NZ,-46.6,168.33,54.0,79,72,11.99,broken clouds
2,Tautira,PF,-17.73,-149.15,82.4,74,75,16.11,shower rain
3,Jamestown,US,42.1,-79.24,41.0,100,90,4.92,overcast clouds
4,Saint-Philippe,RE,-21.36,55.77,77.0,61,0,6.93,clear sky
5,Atuona,PF,-9.8,-139.03,78.78,73,1,18.9,clear sky
6,Albany,US,42.6,-73.97,44.01,87,100,0.45,light rain
7,Turukhansk,RU,65.82,87.98,6.37,86,97,20.04,overcast clouds
8,Bandarbeyla,SO,9.49,50.81,76.69,73,5,4.07,clear sky
9,Luanda,AO,-8.84,13.23,75.2,94,75,3.36,broken clouds
10,Busselton,AU,-33.65,115.33,75.99,32,14,7.83,few clouds
11,Colares,PT,38.8,-9.45,62.01,98,85,8.72,overcast clouds
12,Castro,BR,-24.79,-50.01,56.66,74,0,4.45,clear sky
13,Bozoum,CF,6.32,16.38,67.39,86,56,2.53,broken clouds
14,Moose Factory,CA,51.26,-80.61,32.0,90,75,14.99,broken clouds
15,Lumeje,AO,-11.55,20.78,65.08,88,79,1.86,broken clouds
16,Olafsvik,IS,64.89,-23.71,39.45,71,100,19.75,overcast clouds
17,Kurumkan,RU,54.3,110.3,30.24,86,52,2.39,broken clouds
18,Redcliffe,AU,-27.23,153.1,77.0,65,75,11.41,broken clouds
19,Rikitea,PF,-23.12,-134.97,75.42,84,100,15.5,overcast clouds
20,Harper,LR,4.38,-7.72,77.34,86,85,4.23,moderate rain
21,Port Elizabeth,ZA,-33.92,25.57,60.8,87,0,5.82,clear sky
22,Beloha,MG,-25.17,45.05,74.1,73,90,16.46,overcast clouds
23,Ushuaia,AR,-54.8,-68.3,44.6,48,40,12.75,scattered clouds
24,Belaya Gora,RU,68.53,146.42,6.49,94,38,6.44,scattered clouds
25,Cherskiy,RU,68.75,161.3,14.31,92,100,8.81,overcast clouds
26,Hilo,US,19.73,-155.09,78.8,78,75,3.36,broken clouds
27,Liman,UA,48.99,37.8,44.42,66,0,11.1,clear sky
28,Banda Aceh,ID,5.56,95.32,86.54,59,88,14.09,overcast clouds
29,Butaritari,KI,3.07,172.79,81.36,65,12,3.96,few clouds
30,Nome,US,64.5,-165.41,33.8,86,90,5.82,light snow
31,Oudenaarde,BE,50.86,3.62,51.8,93,85,12.75,light rain
32,Punta Arenas,CL,-53.15,-70.92,41.0,80,40,21.92,scattered clouds
33,Kuytun,RU,54.34,101.5,36.7,79,2,11.61,clear sky
34,Chokurdakh,RU,70.63,147.92,11.79,97,100,5.99,overcast clouds
35,Vostok,RU,46.49,135.88,33.98,100,100,1.9,overcast clouds
36,Zhucheng,CN,35.99,119.4,64.17,30,77,7.61,broken clouds
37,Saskylakh,RU,71.92,114.08,6.98,93,100,14.27,light snow
38,Pisco,PE,-13.7,-76.22,63.0,82,0,8.05,clear sky
39,Hithadhoo,MV,-0.6,73.08,84.49,66,95,10.87,overcast clouds
40,Carnarvon,AU,-24.87,113.63,75.2,64,0,24.16,clear sky
41,Inhambane,MZ,-23.86,35.38,73.81,85,3,8.81,clear sky
42,Akyab,MM,20.15,92.9,84.27,72,36,4.54,scattered clouds
43,Agadez,NE,19.75,10.25,63.25,28,0,1.19,clear sky
44,Esperance,AU,-33.87,121.9,68.0,72,75,18.34,broken clouds
45,Zyryanka,RU,65.75,150.85,10.47,93,0,5.37,clear sky
46,Pevek,RU,69.7,170.31,21.04,95,100,8.9,overcast clouds
47,Inverness,GB,57.48,-4.22,37.4,93,20,4.7,few clouds
48,Tupaciguara,BR,-18.59,-48.7,71.55,73,41,1.88,scattered clouds
49,Klaksvik,FO,62.23,-6.59,46.4,81,99,11.41,light rain
50,Sao Filipe,CV,14.9,-24.5,81.37,69,90,3.78,overcast clouds
51,Porto Novo,BJ,6.5,2.6,76.89,87,33,3.06,scattered clouds
52,Bo Rai,TH,12.57,102.54,89.01,59,100,6.89,moderate rain
53,Tres Arroyos,AR,-38.37,-60.28,48.52,92,48,2.82,scattered clouds
54,Inta,RU,66.03,60.17,30.2,98,100,4.7,overcast clouds
55,Ponta Do Sol,PT,32.67,-17.1,66.2,68,75,3.36,broken clouds
56,Aquiraz,BR,-3.9,-38.39,80.6,78,40,8.05,scattered clouds
57,Avarua,CK,-21.21,-159.78,69.8,94,100,8.05,light rain
58,Taitung,TW,22.76,121.14,84.2,66,75,12.75,broken clouds
59,North Bend,US,43.41,-124.22,51.01,87,1,6.93,clear sky
60,Mar Del Plata,AR,-38.0,-57.56,57.0,100,0,5.82,clear sky
61,Kapaa,US,22.08,-159.32,78.8,78,40,11.41,scattered clouds
62,Kurilsk,RU,45.23,147.88,47.03,61,100,3.4,overcast clouds
63,Arraial Do Cabo,BR,-22.97,-42.03,72.66,92,20,19.77,few clouds
64,Husavik,IS,66.04,-17.34,37.4,74,90,4.7,light intensity drizzle
65,Tasiilaq,GL,65.61,-37.64,33.8,34,100,9.17,overcast clouds
66,Altay,CN,47.87,88.12,48.31,43,54,2.24,broken clouds
67,Komsomolskiy,UZ,40.43,71.72,50.0,53,100,4.7,overcast clouds
68,Hobart,AU,-42.88,147.33,62.01,62,75,11.41,broken clouds
69,Mahibadhoo,MV,3.78,72.97,82.47,75,62,10.6,heavy intensity rain
70,Bairiki,KI,1.33,172.98,86.0,66,20,4.7,few clouds
71,Puerto Ayora,EC,-0.74,-90.35,66.99,94,99,1.99,overcast clouds
72,Thompson,CA,55.74,-97.86,17.6,78,75,5.82,broken clouds
73,Ganzhou,CN,28.82,115.43,72.66,61,29,10.33,scattered clouds
74,Usinsk,RU,65.99,57.53,30.52,98,100,15.28,overcast clouds
75,Northallerton,GB,54.34,-1.43,45.0,81,93,13.87,overcast clouds
76,Sipovo,BA,44.28,17.08,39.0,96,51,8.01,broken clouds
77,Qaanaaq,GL,77.48,-69.36,13.5,82,96,12.15,overcast clouds
78,Pimentel,PE,-6.84,-79.93,62.89,88,86,10.65,overcast clouds
79,Tuktoyaktuk,CA,69.45,-133.04,10.4,92,90,16.11,light snow
80,Verkhnevilyuysk,RU,63.45,120.32,10.6,88,100,2.57,overcast clouds
81,Digby,CA,44.62,-65.77,41.0,73,100,5.99,overcast clouds
82,Ketchikan,US,55.34,-131.65,46.4,100,90,1.32,overcast clouds
83,San Quintin,MX,30.48,-115.95,60.85,54,0,1.19,clear sky
84,Garrel,DE,52.95,8.02,51.01,95,97,5.01,overcast clouds
85,Asfi,MA,32.3,-9.24,60.62,70,0,15.88,clear sky
86,Upernavik,GL,72.79,-56.15,15.17,78,0,5.82,clear sky
87,Enid,US,36.4,-97.88,32.0,100,90,9.06,mist
88,Emerald,AU,-23.53,148.17,89.6,40,28,12.75,scattered clouds
89,Lebu,CL,-37.62,-73.65,50.92,88,100,12.33,light rain
90,Chuy,UY,-33.7,-53.46,62.11,97,100,8.48,overcast clouds
91,Egvekinot,RU,66.32,-179.17,16.61,92,34,6.26,scattered clouds
92,Port Hedland,AU,-20.32,118.57,86.0,55,24,13.87,few clouds
93,Pangnirtung,CA,66.15,-65.71,8.35,76,0,4.03,clear sky
94,Cabo San Lucas,MX,22.89,-109.91,73.4,69,40,5.82,scattered clouds
95,Margate,GB,51.38,1.39,51.01,81,83,4.0,broken clouds
96,Lazo,RU,43.38,133.9,50.41,55,75,5.44,broken clouds
97,Avera,US,33.19,-82.53,71.6,100,90,3.36,overcast clouds
98,Luderitz,NA,-26.65,15.16,55.47,81,0,9.75,clear sky
99,Krutinka,RU,56.01,71.51,23.45,95,94,19.42,overcast clouds
100,Pacifica,US,37.61,-122.49,64.4,36,20,9.17,few clouds
101,Praya,CV,14.92,-23.51,75.2,88,91,12.75,overcast clouds
102,Qandala,SO,11.47,49.87,78.98,56,6,1.92,clear sky
103,General Roca,AR,-39.03,-67.58,55.4,37,0,3.36,clear sky
104,Vaini,TO,-21.2,-175.2,78.8,74,20,9.17,few clouds
105,Dingle,PH,11.0,122.67,88.18,67,15,1.23,few clouds
106,Olbia,IT,40.92,9.49,53.6,81,0,11.41,clear sky
107,Georgetown,MY,5.41,100.34,87.8,74,20,5.82,few clouds
108,Saint George,US,37.1,-113.58,55.4,15,1,24.16,clear sky
109,Jiwani,PK,25.05,61.74,76.87,53,0,6.24,clear sky
110,Urusha,RU,54.05,122.9,24.64,88,97,5.91,overcast clouds
111,San Patricio,US,28.02,-97.52,55.4,93,90,18.34,overcast clouds
112,Chiang Rai,TH,19.92,99.92,86.0,69,20,9.17,few clouds
113,Port Alfred,ZA,-33.59,26.89,63.34,83,54,11.34,broken clouds
114,Farcasele,RO,44.15,24.43,54.0,93,90,5.82,mist
115,Paamiut,GL,61.99,-49.67,28.09,85,100,17.65,overcast clouds
116,New Norfolk,AU,-42.78,147.06,62.01,57,91,3.0,overcast clouds
117,Hobyo,SO,5.35,48.53,79.97,75,4,6.38,clear sky
118,Barrow,US,71.29,-156.79,28.4,74,75,23.04,broken clouds
119,Yellowknife,CA,62.46,-114.35,14.0,72,40,6.93,scattered clouds
120,Turayf,SA,31.67,38.66,66.2,24,0,18.34,clear sky
121,Batagay-Alyta,RU,67.8,130.41,4.23,83,0,2.04,clear sky
122,Sarh,TD,9.14,18.39,75.2,88,0,2.15,clear sky
123,Cape Town,ZA,-33.93,18.42,60.01,87,75,10.29,broken clouds
124,Yumen,CN,40.28,97.2,51.12,41,23,7.99,few clouds
125,Namibe,AO,-15.2,12.15,69.31,85,2,5.26,clear sky
126,Warmbad,NA,-28.45,18.73,54.07,40,8,0.45,clear sky
127,Khatanga,RU,71.97,102.5,-5.57,90,28,9.37,scattered clouds
128,Nikolskoye,RU,59.7,30.79,52.0,87,90,11.18,overcast clouds
129,Kulhudhuffushi,MV,6.62,73.07,82.8,72,6,6.96,clear sky
130,Port Blair,IN,11.67,92.75,84.09,69,96,3.71,light rain
131,Axim,GH,4.87,-2.24,77.88,87,76,7.0,light rain
132,Honningsvag,NO,70.98,25.97,37.4,86,75,12.75,broken clouds
133,Bolshaya Dzhalga,RU,45.97,42.7,49.41,77,68,15.35,light rain
134,Sambava,MG,-14.27,50.17,75.51,73,2,7.7,clear sky
135,Alice Springs,AU,-23.7,133.88,87.8,9,0,9.17,"sand,dust whirls"
136,Lorengau,PG,-2.02,147.27,85.82,65,62,1.68,broken clouds
137,Hermanus,ZA,-34.42,19.23,57.99,89,99,1.99,light rain
138,Kozhva,RU,65.11,57.05,32.38,97,100,10.74,light rain
139,Bredasdorp,ZA,-34.53,20.04,59.0,87,100,3.36,overcast clouds
140,Sol-Iletsk,RU,51.16,54.99,30.74,91,100,5.03,overcast clouds
141,Norman Wells,CA,65.28,-126.83,1.4,91,75,1.54,broken clouds
142,Manavalakurichi,IN,8.13,77.3,85.84,63,58,1.5,light rain
143,Mataura,NZ,-46.19,168.86,54.0,79,99,11.99,overcast clouds
144,Ust-Nera,RU,64.57,143.2,13.42,81,90,2.51,overcast clouds
145,Antofagasta,CL,-23.65,-70.4,57.2,87,40,8.05,scattered clouds
146,Alto Araguaia,BR,-17.31,-53.22,71.6,87,7,4.23,clear sky
147,Port Lincoln,AU,-34.73,135.87,66.29,56,0,6.69,clear sky
148,Ancud,CL,-41.87,-73.82,46.99,93,40,3.36,scattered clouds
149,Escalerillas,MX,22.13,-101.07,64.4,52,5,2.37,clear sky
150,Asyut,EG,27.18,31.18,66.2,88,0,11.41,clear sky
151,Dikson,RU,73.51,80.55,3.99,94,97,18.63,overcast clouds
152,Reforma,MX,18.1,-91.02,72.43,91,81,2.3,broken clouds
153,Kenai,US,60.55,-151.26,30.2,86,1,3.58,clear sky
154,Zhuhai,CN,22.28,113.57,80.6,78,20,9.17,light rain
155,Outjo,NA,-20.12,16.15,72.55,22,86,9.13,overcast clouds
156,Gravelbourg,CA,49.88,-106.55,42.51,76,93,19.64,overcast clouds
157,Turiacu,BR,-1.66,-45.37,75.0,92,42,4.09,scattered clouds
158,Beringovskiy,RU,63.05,179.32,27.28,93,67,12.97,broken clouds
159,Bindura,ZW,-17.3,31.33,62.01,71,0,10.0,clear sky
160,Kieta,PG,-6.22,155.63,83.55,74,36,1.03,moderate rain
161,Porto Velho,BR,-8.76,-63.9,75.2,94,40,1.12,scattered clouds
162,Cumberland,US,35.05,-78.87,62.6,93,1,4.03,clear sky
163,Mahebourg,MU,-20.41,57.7,75.99,73,8,5.99,clear sky
164,Lohja,FI,60.25,24.07,48.0,97,100,7.0,overcast clouds
165,Dawlatabad,AF,36.41,64.91,53.42,42,62,4.41,broken clouds
166,Kindu,CD,-2.95,25.95,69.8,95,100,1.66,overcast clouds
167,Nouadhibou,MR,20.93,-17.03,73.4,64,0,18.34,clear sky
168,Gornopravdinsk,RU,60.05,69.9,16.02,95,100,6.24,overcast clouds
169,Itaituba,BR,-4.28,-55.98,77.05,88,59,0.34,light rain
170,Islamkot,PK,24.7,70.18,82.45,30,0,3.33,clear sky
171,Cabedelo,BR,-6.98,-34.83,77.0,88,40,4.7,scattered clouds
172,George,ZA,-33.96,22.46,57.2,87,0,5.82,clear sky
173,Benghazi,LY,32.12,20.07,71.47,69,79,16.02,broken clouds
174,Cayenne,GF,4.93,-52.33,77.0,100,0,9.46,clear sky
175,Airai,TL,-8.93,125.41,74.82,69,62,3.49,light rain
176,Ballina,AU,-28.87,153.57,75.99,78,90,12.75,overcast clouds
177,Floro,NO,61.6,5.03,50.0,71,62,13.87,broken clouds
178,Bilma,NE,18.69,12.92,65.73,28,0,2.28,clear sky
179,Saint-Jean-Port-Joli,CA,47.22,-70.27,30.0,66,46,5.01,scattered clouds
180,Khorixas,NA,-20.37,14.97,70.52,22,94,7.49,overcast clouds
181,Codrington,AU,-38.27,141.97,63.99,73,72,6.35,broken clouds
182,Hasaki,JP,35.73,140.83,68.0,56,75,3.36,broken clouds
183,Am Timan,TD,11.03,20.28,74.82,50,0,4.74,clear sky
184,Sioux Lookout,CA,50.1,-91.92,26.6,86,90,12.75,overcast clouds
185,Victoria,HK,22.29,114.16,79.0,70,100,1.01,overcast clouds
186,Bela,IN,25.93,81.98,81.95,30,0,3.29,clear sky
187,Saint-Jean-De-La-Ruelle,FR,47.91,1.86,52.0,87,20,16.11,few clouds
188,Geraldton,AU,-28.77,114.6,75.2,47,0,19.46,clear sky
189,Wakkanai,JP,45.41,141.67,57.2,67,75,5.82,broken clouds
190,Kamina,CD,-8.74,24.99,63.55,96,96,0.63,overcast clouds
191,Narsaq,GL,60.92,-46.05,30.2,74,100,1.12,overcast clouds
192,Palmer,US,42.16,-72.33,48.0,81,90,4.7,overcast clouds
193,Salalah,OM,17.02,54.09,73.4,56,20,2.24,few clouds
194,Plettenberg Bay,ZA,-34.05,23.37,60.04,71,45,5.99,scattered clouds
195,Rovaniemi,FI,66.5,25.72,41.0,100,90,8.05,overcast clouds
196,Cockburn Town,TC,21.46,-71.14,82.72,79,21,22.15,few clouds
197,Bengkulu,ID,-3.8,102.27,83.82,65,77,5.35,broken clouds
198,Kaitangata,NZ,-46.28,169.85,52.0,81,58,10.0,broken clouds
199,Saint-Augustin,CA,51.23,-58.65,29.75,91,14,6.91,few clouds
200,Adana,TR,36.98,35.29,64.4,63,0,3.36,clear sky
201,Coihaique,CL,-45.58,-72.07,39.2,93,75,4.7,light rain
202,Ahipara,NZ,-35.17,173.17,67.96,68,35,2.73,light rain
203,Jumla,NP,29.27,82.18,63.66,25,0,2.98,clear sky
204,Mocorito,MX,25.48,-107.92,64.99,53,0,8.99,clear sky
205,Nanortalik,GL,60.14,-45.24,30.58,90,100,4.7,overcast clouds
206,Ribeira Grande,PT,38.52,-28.7,62.87,61,100,4.65,overcast clouds
207,Xuddur,SO,4.12,43.89,73.18,82,94,9.78,overcast clouds
208,San Rafael,AR,-34.62,-68.33,58.71,40,0,6.49,clear sky
209,Gouyave,GD,12.16,-61.73,78.8,88,40,5.82,scattered clouds
210,Yamada,JP,39.47,141.95,58.5,58,6,6.49,clear sky
211,Umm Lajj,SA,25.02,37.27,83.62,36,0,4.94,clear sky
212,Severo-Kurilsk,RU,50.68,156.12,45.16,78,9,3.51,clear sky
213,Souillac,MU,-20.52,57.52,75.99,73,4,5.99,clear sky
214,East London,ZA,-33.02,27.91,60.8,93,0,9.17,clear sky
215,Ukiah,US,39.15,-123.21,64.4,25,1,2.51,clear sky
216,Batticaloa,LK,7.71,81.69,84.24,61,0,5.88,clear sky
217,Thinadhoo,MV,0.53,72.93,84.43,65,44,11.45,scattered clouds
218,Taihe,CN,30.87,105.38,59.92,68,99,6.38,overcast clouds
219,Chabahar,IR,25.29,60.64,60.8,72,0,4.7,clear sky
220,Lata,PT,40.16,-8.33,62.01,94,100,1.01,overcast clouds
221,Xining,CN,36.62,101.77,41.22,64,0,1.88,clear sky
222,Tilichiki,RU,60.47,166.1,26.29,88,5,8.97,clear sky
223,Fenoarivo,MG,-18.93,47.44,62.6,88,20,5.82,few clouds
224,Nelson Bay,AU,-32.72,152.15,62.6,88,75,12.75,light intensity shower rain
225,Bac Lieu,VN,9.29,105.72,85.73,72,100,17.87,overcast clouds
226,Songjianghe,CN,42.19,127.48,40.06,56,0,10.49,clear sky
227,College,US,64.86,-147.8,28.4,92,90,4.7,light snow
228,Camacha,PT,33.08,-16.33,64.4,77,40,5.82,scattered clouds
229,Torbay,CA,47.67,-52.73,39.0,100,90,8.05,light rain
230,Cururupu,BR,-1.83,-44.87,74.89,93,41,3.18,scattered clouds
231,Tiksi,RU,71.69,128.87,-2.81,90,1,13.78,clear sky
232,Sao Desiderio,BR,-12.36,-44.97,71.01,87,75,0.87,light rain
233,Marawi,PH,8.0,124.29,82.99,77,29,1.99,scattered clouds
234,Catalina,US,32.51,-110.92,50.0,58,0,1.01,clear sky
235,Port Hardy,CA,50.7,-127.42,46.4,100,90,6.93,light rain
236,Imeni Poliny Osipenko,RU,52.42,136.49,39.07,72,98,6.13,overcast clouds
237,San Juan,AR,-31.54,-68.54,67.37,26,44,6.93,scattered clouds
238,Aitape,PG,-3.14,142.35,83.23,76,84,4.5,moderate rain
239,Makakilo City,US,21.35,-158.09,80.6,74,75,3.8,broken clouds
240,Kloulklubed,PW,7.04,134.26,80.6,88,90,6.93,light intensity shower rain
241,Smithers,CA,54.78,-127.17,33.8,100,75,2.46,mist
242,Hami,CN,42.8,93.45,56.91,30,0,7.78,clear sky
243,Hay River,CA,60.82,-115.8,19.4,79,75,10.29,light snow
244,Hit,IQ,33.64,42.83,68.14,24,0,7.11,clear sky
245,Mombetsu,JP,44.35,143.35,55.4,58,75,4.7,broken clouds
246,Tanout,NE,14.97,8.89,74.35,19,1,8.23,clear sky
247,Asau,RO,46.43,26.4,50.0,98,89,1.43,overcast clouds
248,Walvis Bay,NA,-22.96,14.51,57.2,87,0,6.93,clear sky
249,Bethel,US,41.37,-73.41,50.0,61,90,3.36,overcast clouds
250,Muncar,ID,-8.43,114.33,85.91,64,83,7.81,broken clouds
251,Mandeville,JM,18.04,-77.51,82.4,83,40,1.12,scattered clouds
252,Aljezur,PT,37.32,-8.8,57.94,80,59,1.5,broken clouds
253,Matay,EG,28.42,30.78,65.59,82,1,10.98,clear sky
254,Vardo,NO,70.37,31.11,37.4,93,75,14.99,light intensity drizzle
255,Khromtau,KZ,50.25,58.43,29.91,90,19,4.68,few clouds
256,Westport,US,41.14,-73.36,53.6,58,90,5.82,overcast clouds
257,Kodiak,US,57.79,-152.41,42.8,56,90,6.96,overcast clouds
258,Constitucion,CL,-35.33,-72.42,48.81,83,19,2.89,few clouds
259,Lompoc,US,34.64,-120.46,55.4,82,1,3.36,clear sky
260,Coracora,PE,-15.03,-73.78,49.89,72,34,0.69,scattered clouds
261,Matagami,CA,49.75,-77.63,26.6,92,90,11.41,overcast clouds
262,Ahuimanu,US,21.44,-157.84,80.6,74,40,1.7,scattered clouds
263,Karlstad,SE,59.38,13.5,46.4,100,61,13.87,broken clouds
264,Camana,PE,-16.62,-72.71,62.4,78,60,6.38,broken clouds
265,Fort Nelson,CA,58.81,-122.7,21.2,92,40,1.12,scattered clouds
266,Sungaipenuh,ID,-2.08,101.38,78.66,57,87,3.24,overcast clouds
267,Port Maria,JM,18.37,-76.89,75.99,95,75,11.99,broken clouds
268,Okha,RU,53.57,142.95,41.67,75,95,4.85,overcast clouds
269,Puerto Ayacucho,VE,5.66,-67.62,75.97,90,100,3.53,overcast clouds
270,Kavieng,PG,-2.57,150.8,85.05,66,58,5.5,broken clouds
271,Colesberg,ZA,-30.72,25.1,63.18,45,0,3.96,clear sky
272,Kwinana,AU,-32.25,115.77,73.99,56,75,14.99,broken clouds
273,Fortuna,US,40.6,-124.16,48.2,87,1,8.05,clear sky
274,Raymond,US,43.9,-70.47,39.99,61,97,1.07,overcast clouds
275,Samus,RU,56.75,84.7,37.0,82,52,13.87,broken clouds
276,Clyde River,CA,70.47,-68.59,14.0,61,1,6.93,clear sky
277,Grootfontein,NA,-19.57,18.12,66.83,31,81,8.77,broken clouds
278,Beyla,GN,8.68,-8.63,67.19,75,52,1.77,broken clouds
279,Neiafu,TO,-18.65,-173.98,78.8,69,75,11.41,broken clouds
280,Pemangkat,ID,1.17,108.97,85.8,66,76,8.5,broken clouds
281,Vao,NC,-22.67,167.48,73.18,82,67,19.06,broken clouds
282,Sept-Iles,CA,50.2,-66.38,23.0,85,20,4.7,few clouds
283,Bathsheba,BB,13.22,-59.52,80.6,83,40,17.22,shower rain
284,Sosva,RU,59.18,61.86,28.96,97,100,6.55,overcast clouds
285,Onokhoy,RU,51.93,108.07,30.2,46,0,4.47,clear sky
286,Arrecife,ES,28.96,-13.55,69.8,64,90,10.29,overcast clouds
287,Huejuquilla El Alto,MX,22.6,-103.87,58.51,90,99,3.74,overcast clouds
288,Vaitape,PF,-16.52,-151.75,80.6,80,99,18.14,light rain
289,Saurimo,AO,-9.66,20.39,66.45,94,100,3.62,overcast clouds
290,Severo-Yeniseyskiy,RU,60.37,93.04,23.4,98,100,11.7,snow
291,Prince Rupert,CA,54.32,-130.32,44.6,100,90,1.3,overcast clouds
292,Bereznik,RU,62.86,42.71,43.77,92,100,8.37,overcast clouds
293,Kamaishi,JP,39.27,141.88,57.2,50,40,3.36,scattered clouds
294,Huangmei,CN,30.19,116.03,71.35,59,45,10.96,scattered clouds
295,La Ronge,CA,55.1,-105.28,28.4,86,90,9.17,light snow
296,Iqaluit,CA,63.75,-68.51,21.2,62,90,5.82,light snow
297,Saint Anthony,US,45.02,-93.22,33.8,91,90,11.41,overcast clouds
298,Laranjeiras Do Sul,BR,-25.41,-52.42,53.62,84,0,0.74,clear sky
299,Isangel,VU,-19.55,169.27,78.62,69,13,16.98,few clouds
300,Rio Gallegos,AR,-51.62,-69.22,48.2,36,20,21.92,few clouds
301,Katsuura,JP,35.13,140.3,70.0,68,75,3.36,broken clouds
302,Ayr,GB,55.46,-4.63,48.0,81,40,11.41,scattered clouds
303,Koraput,IN,18.82,82.72,75.33,52,13,7.61,few clouds
304,Ojinaga,MX,29.57,-104.42,37.4,55,1,5.82,clear sky
305,Faanui,PF,-16.48,-151.75,79.75,81,100,18.12,light rain
306,Anito,PH,12.45,125.29,86.22,70,25,5.32,scattered clouds
307,Port-Gentil,GA,-0.72,8.78,77.81,85,100,9.04,light rain
308,Kuusamo,FI,65.97,29.18,39.2,100,90,6.93,overcast clouds
309,Provideniya,RU,64.38,-173.3,32.0,96,75,15.66,light snow
310,Grand-Santi,GF,4.25,-54.38,73.92,93,100,2.53,overcast clouds
311,Gandu,BR,-13.74,-39.49,70.97,96,100,2.04,overcast clouds
312,Aklavik,CA,68.22,-135.01,10.4,85,90,2.24,light snow
313,Smolenka,RU,52.14,113.5,30.2,46,13,4.47,few clouds
314,Saint-Michel-Des-Saints,CA,46.68,-73.92,20.52,95,56,2.37,broken clouds
315,Kathmandu,NP,27.72,85.32,68.0,72,20,1.54,few clouds
316,Sal Rei,CV,16.18,-22.92,78.8,88,0,14.99,clear sky
317,Skovorodino,RU,53.98,123.92,26.38,91,86,8.25,overcast clouds
318,San Vicente,AR,-26.62,-54.13,55.54,77,0,0.76,clear sky
319,Voh,NC,-20.97,164.7,83.7,51,91,6.53,overcast clouds
320,Taoudenni,ML,22.68,-3.98,74.46,21,0,1.97,clear sky
321,Eureka,US,40.8,-124.16,50.0,81,1,2.48,clear sky
322,Andra,RU,62.51,65.89,18.25,97,100,5.06,overcast clouds
323,Shahr-E Babak,IR,30.12,55.12,54.48,35,0,5.68,clear sky
324,Alihe,CN,50.57,123.72,32.81,81,0,10.4,clear sky
325,Kumo,NG,10.04,11.21,71.64,38,3,2.39,clear sky
326,Matucana,PE,-11.85,-76.4,59.0,51,99,1.14,overcast clouds
327,Suluq,LY,31.67,20.25,69.01,68,71,9.42,broken clouds
328,Havre-Saint-Pierre,CA,50.23,-63.6,24.8,73,1,3.36,clear sky
329,Samarai,PG,-10.62,150.67,83.35,77,3,9.28,clear sky
330,Hihya,EG,30.67,31.59,69.8,77,40,6.93,haze
331,Salvador,SV,13.83,-88.92,77.0,94,40,2.24,scattered clouds
332,Saint-Francois,FR,46.42,3.91,51.8,87,90,5.82,overcast clouds
333,Huayang,CN,34.42,109.99,41.43,100,100,2.3,overcast clouds
334,Chicama,PE,-7.84,-79.15,64.4,81,85,4.56,overcast clouds
335,Codogno,IT,45.16,9.7,46.99,83,36,3.47,scattered clouds
336,Morant Bay,JM,17.88,-76.41,82.4,74,20,4.7,few clouds
337,Flinders,AU,-34.58,150.86,69.01,63,40,8.05,scattered clouds
338,Mayumba,GA,-3.43,10.66,77.25,89,99,10.2,moderate rain
339,Karratha,AU,-20.74,116.85,83.23,50,5,12.71,clear sky
340,Greenfield,US,42.96,-88.01,32.0,74,1,6.93,clear sky
341,Battipaglia,IT,40.61,14.99,57.0,91,64,1.01,broken clouds
342,Male,MV,4.17,73.51,82.49,74,71,10.0,moderate rain
343,Cerro Punta,PA,8.85,-82.57,64.99,100,88,1.83,overcast clouds
344,Caconda,AO,-13.73,15.07,59.74,95,33,5.08,scattered clouds
345,Tuatapere,NZ,-46.13,167.68,54.0,79,100,11.99,overcast clouds
346,Leningradskiy,RU,69.38,178.42,18.18,90,0,15.99,clear sky
347,Oistins,BB,13.07,-59.53,80.6,83,40,17.22,shower rain
348,Gualaquiza,EC,-3.4,-78.55,65.05,88,100,1.39,light rain
349,Monroe,US,43.15,-77.68,43.0,93,90,4.7,overcast clouds
350,Jiuquan,CN,39.74,98.52,50.27,44,7,8.25,clear sky
351,Gat,IL,31.61,34.76,73.0,100,66,2.55,broken clouds
352,San Cristobal,VE,7.77,-72.22,66.34,92,56,2.13,light rain
353,Lhokseumawe,ID,5.18,97.15,85.98,66,71,2.62,broken clouds
354,Idrinskoye,RU,54.37,92.14,38.64,73,100,4.12,overcast clouds
355,Lardos,GR,36.09,28.02,66.2,88,20,2.24,few clouds
356,Elat,IL,29.56,34.95,75.2,38,0,6.93,clear sky
357,Penarroya-Pueblonuevo,ES,38.3,-5.27,48.0,100,0,1.12,clear sky
358,Mount Isa,AU,-20.73,139.5,87.8,8,0,16.11,clear sky
359,Jhol,PK,25.96,68.89,66.2,68,0,6.93,smoke
360,Fukue,JP,32.69,128.84,69.8,64,0,6.93,clear sky
361,Talnakh,RU,69.49,88.4,-3.21,80,0,5.46,clear sky
362,Vila Franca Do Campo,PT,37.72,-25.43,62.6,63,75,4.07,broken clouds
363,Porbandar,IN,21.64,69.61,83.44,44,0,8.61,clear sky
364,Palana,RU,59.12,159.97,35.33,84,0,5.55,clear sky
365,Pryazha,RU,61.69,33.62,50.0,87,100,6.71,overcast clouds
366,Derzhavinsk,KZ,51.1,66.32,26.87,95,99,14.27,overcast clouds
367,Grindavik,IS,63.84,-22.43,39.2,55,0,20.8,clear sky
368,Kodinsk,RU,58.69,99.18,30.09,96,100,7.45,overcast clouds
369,Mount Gambier,AU,-37.83,140.77,66.2,52,75,3.36,broken clouds
370,Burnie,AU,-41.07,145.92,61.0,52,79,8.99,broken clouds
371,Nioro,GM,13.35,-15.75,72.16,69,0,2.53,clear sky
372,Zaysan,KZ,47.47,84.87,46.99,53,100,8.48,light rain
373,Vikarabad,IN,17.33,77.9,81.0,43,0,1.99,clear sky
374,San Ignacio,BZ,17.16,-89.07,78.8,88,90,4.7,overcast clouds
375,Mutis,CO,6.23,-77.4,78.1,85,100,2.24,light rain
376,Papetoai,PF,-17.5,-149.87,82.4,74,75,16.11,shower rain
377,Nemuro,JP,43.32,145.57,53.6,71,75,6.93,broken clouds
378,Port Macquarie,AU,-31.43,152.92,71.01,71,100,4.0,overcast clouds
379,Caete,BR,-19.88,-43.67,71.6,78,0,1.19,clear sky
380,Petropavlovsk-Kamchatskiy,RU,53.05,158.65,46.4,65,40,6.71,scattered clouds
381,Tricase,IT,39.93,18.36,59.0,100,75,3.36,broken clouds
382,Banjar,ID,-8.19,114.97,86.0,89,20,4.7,few clouds
383,Esik,KZ,43.36,77.45,37.4,55,90,4.47,overcast clouds
384,Grand Gaube,MU,-20.01,57.66,75.99,72,1,3.0,clear sky
385,Sur,OM,22.57,59.53,77.72,53,0,2.84,clear sky
386,Surt,LY,31.21,16.59,69.01,66,4,14.18,clear sky
387,Bordeaux,FR,44.84,-0.58,55.99,100,90,9.17,overcast clouds
388,Lamballe,FR,48.47,-2.51,51.01,91,90,7.0,overcast clouds
389,Kavaratti,IN,10.57,72.64,81.99,74,52,6.67,broken clouds
390,Luxor,EG,25.7,32.64,75.2,60,0,2.24,clear sky
391,Vrangel,RU,42.73,133.08,51.94,51,56,15.57,broken clouds
392,Kushima,JP,31.46,131.23,71.6,73,40,5.82,scattered clouds
393,Alegria,PH,9.47,125.58,85.32,66,83,4.29,broken clouds
394,Preston,GB,53.77,-2.72,46.0,89,83,11.79,broken clouds
395,Pala,TD,9.36,14.9,71.13,46,18,3.49,few clouds
396,Roma,US,43.21,-75.46,41.0,86,90,1.07,overcast clouds
397,Ulagan,RU,50.63,87.96,39.58,60,44,4.47,scattered clouds
398,Havoysund,NO,71.0,24.66,33.8,100,86,8.05,overcast clouds
399,Ngunguru,NZ,-35.62,174.5,63.95,88,89,8.93,overcast clouds
400,Ixil,MX,21.15,-89.48,77.0,94,90,11.41,light rain
401,Constancia,MX,24.22,-107.19,75.0,59,1,5.99,clear sky
402,Sitka,US,57.05,-135.33,44.6,81,90,6.93,moderate rain
403,Broken Hill,AU,-31.95,141.43,69.8,43,40,13.87,scattered clouds
404,Uray,RU,60.12,64.78,22.62,98,100,4.61,light snow
405,Okhotsk,RU,59.38,143.3,33.22,79,0,4.97,clear sky
406,Itarema,BR,-2.92,-39.92,76.96,85,100,10.16,overcast clouds
407,Hokitika,NZ,-42.72,170.97,56.79,80,99,1.3,overcast clouds
408,Balakhninskiy,RU,58.01,114.28,19.65,88,100,2.39,overcast clouds
409,Parczew,PL,51.64,22.9,44.6,100,0,2.24,fog
410,Zabid,YE,14.2,43.32,80.42,45,0,2.64,clear sky
411,Hovd,MN,48.01,91.64,41.85,53,8,2.26,clear sky
412,Tura,IN,25.52,90.22,81.59,68,0,2.28,clear sky
413,Kastamonu,TR,41.5,33.67,53.02,67,49,2.1,scattered clouds
414,Rehoboth,NA,-23.32,17.08,65.95,34,33,5.68,light rain
415,Carupano,VE,10.67,-63.26,78.62,86,2,6.73,clear sky
416,Wiang Sa,TH,8.64,99.37,80.94,76,100,3.15,light rain
417,Panguna,PG,-6.32,155.48,76.75,91,71,1.92,moderate rain
418,Nerchinskiy Zavod,RU,51.31,119.61,32.59,72,0,8.01,clear sky
419,Bambous Virieux,MU,-20.34,57.76,75.99,72,14,3.0,few clouds
420,Goma,CD,-1.68,29.22,64.27,77,100,1.97,overcast clouds
421,Dwarka,IN,22.24,68.97,83.07,52,0,8.25,clear sky
422,Culpeper,US,38.5,-77.97,60.8,93,90,3.09,overcast clouds
423,Talara,PE,-4.58,-81.27,64.92,86,86,12.75,overcast clouds
424,Ribeira Brava,PT,32.65,-17.07,66.2,68,75,3.36,broken clouds
425,Miyang,CN,24.4,103.44,71.44,67,99,0.58,overcast clouds
426,Kruisfontein,ZA,-34.0,24.73,55.99,96,45,5.99,scattered clouds
427,Mezen,RU,65.85,44.24,40.53,96,100,10.94,overcast clouds
428,Mezhdurechenskiy,RU,59.6,65.93,22.08,97,100,2.37,light snow
429,Slave Lake,CA,55.28,-114.77,37.4,88,75,21.92,broken clouds
430,Debre Birhan,ET,9.68,39.53,45.48,71,0,5.35,clear sky
431,Blois,FR,47.58,1.33,53.6,87,75,6.93,broken clouds
432,Taveta,KE,-3.4,37.67,69.8,83,75,4.92,broken clouds
433,Yala,TH,6.33,101.25,85.35,64,91,5.5,overcast clouds
434,Rawson,AR,-43.3,-65.1,56.59,36,36,13.06,scattered clouds
435,Colac,AU,-38.33,143.58,64.99,77,73,2.91,broken clouds
436,Nsoko,SZ,-27.03,31.95,70.57,86,83,5.53,broken clouds
437,Boa Vista,BR,2.82,-60.67,82.4,65,40,6.93,scattered clouds
438,Touros,BR,-5.2,-35.46,77.0,83,20,4.7,few clouds
439,Mareeba,AU,-17.0,145.43,90.0,62,38,12.75,scattered clouds
440,Nhulunbuy,AU,-12.23,136.77,91.4,49,40,12.75,scattered clouds
441,Qazvin,IR,36.28,50.0,41.0,75,0,3.6,clear sky
442,Natal,BR,-5.79,-35.21,78.8,83,75,4.7,broken clouds
443,Palmas,BR,-10.21,-48.36,78.8,88,40,3.56,scattered clouds
444,High Rock,BS,26.62,-78.28,81.01,81,2,15.88,clear sky
445,Tessalit,ML,20.2,1.01,74.21,20,0,6.64,clear sky
446,Riohacha,CO,11.54,-72.91,77.7,84,36,7.38,scattered clouds
447,Shache,CN,38.42,77.24,52.09,38,100,4.21,overcast clouds
448,Sao Raimundo Nonato,BR,-9.02,-42.7,72.16,92,97,2.33,overcast clouds
449,Saint-Georges,GD,12.06,-61.75,78.8,88,40,5.82,scattered clouds
450,Padang,ID,-0.95,100.35,86.31,57,41,4.0,scattered clouds
451,Marshall,US,34.38,-86.33,71.01,94,90,5.61,overcast clouds
452,Bandundu,CD,-3.32,17.37,71.22,98,100,2.57,light rain
453,Udagamandalam,IN,11.4,76.7,78.8,78,40,3.36,mist
454,Longyearbyen,SJ,78.22,15.64,30.2,86,75,5.82,light snow
455,The Hammocks,US,25.67,-80.44,82.0,94,75,8.05,broken clouds
456,Nueva Guinea,NI,11.69,-84.46,73.44,94,98,1.83,overcast clouds
457,Zachary,US,30.65,-91.16,78.01,100,90,8.05,overcast clouds
458,Hamilton,US,39.18,-84.53,48.99,93,90,9.17,mist
459,Gamut,PH,8.53,126.24,88.2,60,100,1.59,moderate rain
460,Belmonte,BR,-15.86,-38.88,78.8,83,90,10.29,light rain
461,Saint-Pierre,RE,-21.34,55.48,77.0,61,0,6.93,clear sky
462,State College,US,40.79,-77.86,48.0,100,90,2.24,light rain
463,Sao Joao Da Barra,BR,-21.64,-41.05,73.98,93,87,11.07,overcast clouds
464,Miles City,US,46.41,-105.84,37.4,69,1,9.17,clear sky
465,Tucupita,VE,9.06,-62.05,73.65,98,11,2.37,few clouds
466,Matamoros,MX,25.53,-103.25,86.0,17,5,15.46,clear sky
467,Rocha,UY,-34.48,-54.33,59.23,95,99,7.4,overcast clouds
468,Puerto Narino,CO,-3.77,-70.38,77.0,100,75,1.88,broken clouds
469,Kingaroy,AU,-26.53,151.83,62.6,93,75,6.93,broken clouds
470,Wuwei,CN,37.93,102.64,45.41,56,1,3.8,clear sky
471,Laguna,US,38.42,-121.42,61.0,47,1,5.08,clear sky
472,Aguimes,ES,27.91,-15.45,70.0,60,75,11.41,broken clouds
473,Imbituba,BR,-28.24,-48.67,68.0,94,40,0.38,light rain
474,Idenao,CM,4.25,9.0,75.2,100,40,2.24,scattered clouds
475,Madhupur,IN,24.25,86.65,80.94,37,0,6.06,clear sky
476,Conceicao Da Barra,BR,-18.59,-39.73,75.99,92,100,7.92,overcast clouds
477,Biak,ID,-0.91,122.88,85.73,61,89,6.58,overcast clouds
478,Hervey Bay,AU,-25.3,152.85,80.01,71,21,5.01,few clouds
479,Palu,ID,-0.89,119.87,91.0,50,100,3.87,overcast clouds
480,Lazaro Cardenas,MX,17.96,-102.2,79.57,87,12,6.64,few clouds
481,Krabi,TH,8.07,98.91,84.2,74,75,5.82,broken clouds
482,Canatlan,MX,24.52,-104.78,60.01,65,32,5.01,scattered clouds
483,Vidim,RU,56.41,103.11,37.45,79,71,5.5,broken clouds
484,Saint-Joseph,RE,-21.37,55.62,77.0,61,0,6.93,clear sky
485,Beira,MZ,-19.84,34.84,69.8,94,20,3.36,few clouds
486,Kasongo,CD,-4.45,26.67,68.47,98,87,1.48,overcast clouds
487,Pangody,RU,65.85,74.49,0.32,89,0,7.78,clear sky
488,Basco,PH,20.45,121.97,81.3,83,99,20.78,overcast clouds
489,Sao Jose Da Coroa Grande,BR,-8.9,-35.15,75.65,83,90,9.01,overcast clouds
490,Verkh-Usugli,RU,52.7,115.17,30.38,81,48,1.77,scattered clouds
491,Haines Junction,CA,60.75,-137.51,28.56,95,96,1.97,overcast clouds
492,Khani,GE,41.96,42.96,66.2,48,0,27.51,clear sky
493,Kalmanka,RU,52.9,83.54,32.0,73,75,22.37,light shower snow
494,Sorong,ID,-0.88,131.25,84.36,70,75,2.86,light rain
495,Ilulissat,GL,69.22,-51.1,10.4,72,73,4.7,broken clouds
496,Kahului,US,20.89,-156.47,82.4,69,1,3.36,clear sky
497,Mocajuba,BR,-2.58,-49.51,77.14,85,85,3.13,overcast clouds
498,Alofi,NU,-19.06,-169.92,77.0,69,75,21.92,broken clouds
499,Kalabo,ZM,-14.97,22.68,69.03,45,10,4.43,clear sky
500,Playa Del Carmen,MX,20.63,-87.08,80.01,66,99,8.01,overcast clouds
501,Santa Marta,CO,11.24,-74.2,84.0,77,9,7.0,clear sky
502,Maxixe,MZ,-23.86,35.35,73.45,86,3,8.19,clear sky
503,Mozarlandia,BR,-14.74,-50.57,75.52,91,100,2.46,light rain
504,Yulara,AU,-25.24,130.99,91.4,7,0,6.93,clear sky
505,Ibotirama,BR,-12.19,-43.22,72.18,89,100,1.68,overcast clouds
506,Naryan-Mar,RU,67.67,53.09,34.43,97,100,12.44,light rain
507,Bealanana,MG,-14.55,48.73,64.13,76,79,4.03,broken clouds
508,Dalvik,IS,65.97,-18.53,37.4,74,90,4.7,light intensity drizzle
509,Taketa,JP,32.97,131.38,69.01,55,73,1.99,broken clouds
510,Great Bend,US,38.36,-98.76,30.2,74,1,4.59,clear sky
511,Poum,NC,-20.23,164.02,77.34,73,100,9.53,overcast clouds
512,Mandera,KE,3.94,41.87,78.3,74,100,11.7,light rain
513,Caravelas,BR,-17.71,-39.25,76.66,92,94,9.17,overcast clouds
514,Calmar,CA,53.27,-113.82,36.0,80,90,11.41,overcast clouds
515,Umm Kaddadah,SD,13.6,26.69,79.02,22,0,15.17,clear sky
516,Pacific Grove,US,36.62,-121.92,59.0,28,1,4.7,clear sky
517,Faya,SA,18.39,42.45,53.6,30,0,5.44,clear sky
518,Marshfield,US,44.67,-90.17,30.99,54,75,11.41,broken clouds
519,Lao Cai,VN,22.48,103.95,86.74,52,85,2.01,overcast clouds
520,Road Town,VG,18.42,-64.62,81.0,89,4,11.99,clear sky
521,Terrace,CA,54.52,-128.6,46.4,93,90,8.05,overcast clouds
522,Olga,RU,43.74,135.29,46.54,87,92,5.3,moderate rain
523,Louga,RU,58.74,29.85,53.17,85,100,13.85,overcast clouds
524,Ulaanbaatar,MN,47.91,106.88,41.0,30,0,5.57,clear sky
525,Gidole,ET,5.65,37.37,56.93,100,1,2.59,clear sky
526,Teguldet,RU,57.31,88.17,38.39,77,68,10.16,broken clouds
527,Storforshei,NO,66.4,14.52,33.01,99,81,1.01,broken clouds
528,Vanimo,PG,-2.67,141.3,83.88,74,45,3.0,light rain
529,Celestun,MX,20.87,-90.4,79.63,88,100,13.98,moderate rain
530,Madinat Sittah Uktubar,EG,29.82,31.05,69.8,77,40,6.93,haze
531,Kushalgarh,IN,23.2,74.45,80.65,26,0,5.12,clear sky
532,Saint-Raymond,CA,45.47,-73.61,32.0,74,75,5.82,broken clouds
533,Guerrero Negro,MX,27.98,-114.06,62.49,37,0,13.71,clear sky
534,Lodwar,KE,3.12,35.6,81.86,53,2,18.43,clear sky
535,Gamba,GA,-2.65,10.0,75.97,91,100,6.73,moderate rain
536,Comodoro Rivadavia,AR,-45.87,-67.5,55.4,35,0,24.16,clear sky
537,Santarem,BR,-2.44,-54.71,77.0,94,20,0.72,few clouds
538,Reynosa,MX,26.08,-98.28,57.99,87,90,8.05,overcast clouds
539,Hofn,IS,64.25,-15.21,40.6,78,100,23.87,overcast clouds
540,Dapaong,TG,10.86,0.2,73.15,42,66,2.37,broken clouds
541,Syracuse,IT,37.09,15.28,57.99,81,0,9.17,clear sky
542,Conde,BR,-7.26,-34.91,77.0,88,40,4.7,scattered clouds
543,Lagoa,PT,39.05,-27.98,62.17,64,100,5.35,overcast clouds
544,Salitrillo,MX,19.43,-99.85,55.4,76,40,1.59,scattered clouds
545,Kampot,KH,10.62,104.18,84.2,83,40,16.11,scattered clouds
546,Zima,RU,53.92,102.04,38.12,75,17,10.89,few clouds
547,Truro,GB,50.27,-5.05,51.8,71,68,14.99,broken clouds
548,Champerico,GT,14.3,-91.92,64.99,99,72,8.72,light rain
549,Aldergrove,CA,49.06,-122.47,46.99,93,90,5.82,overcast clouds
550,Kuybysheve,UA,47.36,36.65,46.35,86,0,13.27,clear sky
551,Harrisonburg,US,38.45,-78.87,60.01,100,75,3.36,broken clouds
552,Piriyapatna,IN,12.34,76.1,74.16,64,0,6.71,clear sky
553,Ginda,IN,30.69,78.49,66.67,26,0,3.15,clear sky
554,Mogadishu,SO,2.04,45.34,80.55,80,71,9.71,light rain
555,Elliot,ZA,-31.33,27.85,65.88,46,47,8.21,scattered clouds
556,Ati,TD,13.22,18.34,78.87,20,11,9.17,few clouds
557,Zhumadian,CN,32.98,114.03,66.29,43,78,10.63,light rain
558,Santa Isabel Do Rio Negro,BR,-0.41,-65.02,75.92,94,91,0.74,moderate rain
559,Cidreira,BR,-30.18,-50.21,62.15,85,100,13.11,overcast clouds
560,Vila Velha,BR,-20.33,-40.29,77.0,88,75,8.05,broken clouds
561,Mantua,IT,45.17,10.78,44.01,93,0,2.24,clear sky
562,California City,US,35.13,-117.99,53.6,16,20,8.05,few clouds
563,Carlyle,US,38.61,-89.37,42.01,95,98,2.17,overcast clouds
564,Kutum,SD,14.2,24.67,69.4,30,0,8.37,clear sky
565,Fuyu,CN,45.18,124.82,42.35,56,0,11.52,clear sky
566,Kasganj,IN,27.82,78.65,77.94,18,0,3.83,clear sky
567,Lincoln,US,40.8,-96.67,30.2,63,1,10.29,clear sky
568,Raduzhnyy,RU,62.1,77.47,10.69,92,80,14.63,broken clouds
569,Gaeta,IT,41.22,13.56,55.0,78,23,4.0,few clouds
570,Hurghada,EG,27.26,33.81,73.4,60,0,6.93,clear sky
571,Umtata,ZA,-31.59,28.78,66.2,72,28,5.82,scattered clouds
572,Coquimbo,CL,-29.95,-71.34,53.6,87,0,9.17,clear sky
573,Changji,CN,44.02,87.32,44.6,45,26,6.71,scattered clouds
574,Jijiga,ET,9.35,42.8,60.78,31,80,6.73,broken clouds
575,Robertsport,LR,6.75,-11.37,78.69,82,99,4.34,light rain
576,Vanderhoof,CA,54.02,-124.02,38.52,90,100,3.53,overcast clouds
577,Romulus,US,42.22,-83.4,41.0,86,90,5.82,overcast clouds
578,Korla,CN,41.76,86.15,51.28,40,0,7.31,clear sky
579,Hualmay,PE,-11.1,-77.61,62.76,88,92,7.43,overcast clouds
580,Broome,US,42.25,-75.83,46.0,87,90,3.36,overcast clouds
581,Ouadda,CF,8.08,22.4,68.36,69,45,2.1,scattered clouds
582,Uri,IN,34.08,74.03,64.38,28,1,2.42,clear sky
583,Odweyne,SO,9.41,45.06,68.5,32,8,2.98,clear sky
584,Praia Da Vitoria,PT,38.73,-27.07,62.01,77,75,7.83,broken clouds
585,Danielskuil,ZA,-28.19,23.54,74.1,27,39,21.25,scattered clouds
586,Xichang,CN,27.9,102.26,66.99,68,83,2.44,broken clouds
587,Sorland,NO,67.67,12.69,41.0,86,20,2.24,few clouds
588,Tezu,IN,27.92,96.17,83.5,42,6,3.02,clear sky
589,Kuznechnoye,RU,61.12,29.87,51.01,92,100,11.25,moderate rain
590,Dawson Creek,CA,55.77,-120.24,37.4,64,1,6.93,clear sky
591,Abu Samrah,SY,35.3,37.18,68.49,23,95,4.29,overcast clouds
592,Manbij,SY,36.53,37.95,62.6,33,0,11.88,clear sky
593,Mackay,AU,-21.15,149.2,86.0,58,25,14.99,scattered clouds
594,Los Llanos De Aridane,ES,28.66,-17.92,69.8,64,75,8.05,broken clouds
595,Bukachacha,RU,52.98,116.92,29.89,78,52,2.17,broken clouds
596,Kalianget,ID,-7.05,113.93,86.23,65,45,11.48,scattered clouds
597,Pingliang,CN,35.54,106.69,46.98,61,83,4.43,broken clouds
598,Nabire,ID,-3.37,135.48,86.23,66,97,4.27,light rain
599,Kontagora,NG,10.4,5.47,70.92,41,100,2.15,overcast clouds
600,Sault Sainte Marie,CA,46.52,-84.33,35.6,74,1,3.36,clear sky
601,Isoka,ZM,-10.16,32.63,62.78,74,0,2.33,clear sky
602,Broager,DK,54.89,9.68,50.0,93,100,12.75,overcast clouds
603,Porterville,US,36.07,-119.02,57.2,47,1,2.35,clear sky
604,Sayan,PE,-11.14,-77.19,64.62,73,94,1.21,overcast clouds
605,Port Augusta,AU,-32.5,137.77,72.0,40,0,8.05,clear sky
606,Ariquemes,BR,-9.91,-63.04,75.36,85,43,3.96,scattered clouds
607,Itamaraju,BR,-17.04,-39.53,75.09,93,98,6.26,overcast clouds
608,Guilin,CN,25.28,110.29,80.6,44,20,11.18,few clouds
609,Douentza,ML,15.0,-2.95,74.37,19,33,3.62,scattered clouds
610,Larap,PH,14.3,122.65,86.61,65,8,4.56,clear sky
611,Naze,JP,28.37,129.48,80.6,61,75,9.17,broken clouds
612,Gravdal,NO,68.12,13.5,41.0,86,20,2.24,few clouds
613,Sangar,RU,63.92,127.47,4.75,93,100,4.41,overcast clouds
614,Alenquer,BR,-1.94,-54.74,77.0,94,20,1.34,few clouds
615,Le Lorrain,MQ,14.83,-61.06,78.8,94,75,5.82,broken clouds
616,Milkovo,RU,54.72,158.62,40.24,75,96,3.87,overcast clouds
617,Penapolis,BR,-21.42,-50.08,71.1,70,0,5.35,clear sky
618,Zaranj,AF,30.97,61.88,60.8,31,0,18.34,clear sky
619,Srednekolymsk,RU,67.45,153.68,14.09,92,86,9.86,overcast clouds
620,Leshukonskoye,RU,64.9,45.76,39.81,97,100,9.98,overcast clouds
621,Wana,PK,32.3,69.57,64.2,24,0,1.54,clear sky
622,Ostrovnoy,RU,68.05,39.51,42.49,86,100,18.43,overcast clouds
623,Vestmanna,FO,62.16,-7.17,46.4,81,100,11.41,overcast clouds
624,Rabo De Peixe,PT,37.8,-25.58,62.6,63,75,4.32,broken clouds
625,Maumelle,US,34.87,-92.4,48.0,93,47,1.01,scattered clouds
626,San Pedro De Lloc,PE,-7.43,-79.51,64.0,83,99,8.66,overcast clouds
627,Qasigiannguit,GL,68.82,-51.19,10.4,72,83,4.7,broken clouds
628,Catabola,AO,-12.15,17.28,62.96,83,62,1.66,broken clouds
629,Te Anau,NZ,-45.42,167.72,62.96,41,89,2.93,overcast clouds
630,Pontianak,ID,-0.03,109.33,90.82,54,61,3.29,broken clouds
631,Vagur,FO,61.47,-6.81,48.49,86,87,21.27,light rain
632,Yerbogachen,RU,61.28,108.01,21.88,92,93,6.6,overcast clouds
633,Seymchan,RU,62.88,152.43,15.8,91,7,0.72,clear sky
634,Angul,IN,20.85,85.1,79.27,49,0,4.88,clear sky
635,Mayo,US,38.89,-76.51,61.0,87,90,2.91,overcast clouds
636,Santa Maria,BR,-29.68,-53.81,57.2,87,0,3.36,clear sky
637,Ouegoa,NC,-20.35,164.43,79.7,63,94,12.08,overcast clouds
638,Nizhniy Odes,RU,63.64,54.86,35.46,98,100,8.72,light rain
639,Deputatskiy,RU,69.3,139.9,-0.85,92,7,5.44,clear sky
640,Arman,RU,59.7,150.17,35.78,69,0,1.25,clear sky
641,Bahnea,RO,46.37,24.48,46.4,93,90,1.83,fog
642,Bundaberg,AU,-24.85,152.35,81.0,69,75,12.75,thunderstorm
643,Jiayuguan,CN,39.82,98.3,48.7,45,1,8.79,clear sky
644,Batetskiy,RU,58.65,30.3,51.84,86,100,14.54,overcast clouds
645,Zelenogorskiy,RU,55.03,87.0,35.6,59,40,22.37,scattered clouds
646,Naduvattam,IN,11.48,76.57,64.06,75,0,4.61,clear sky
647,Nyuksenitsa,RU,60.41,44.24,39.07,91,95,10.29,overcast clouds
648,Mae Sai,TH,20.43,99.88,86.0,69,20,9.17,few clouds
649,Bilibino,RU,68.05,166.44,5.52,90,100,1.54,overcast clouds
650,Kayes,ML,14.0,-11.0,69.8,68,0,2.24,clear sky
651,Almeirim,BR,-1.52,-52.58,79.65,73,78,5.44,light rain
652,Paita,PE,-5.09,-81.11,64.45,85,87,9.17,overcast clouds
653,Shingu,JP,33.73,135.98,68.0,60,75,3.36,broken clouds
654,Nyurba,RU,63.28,118.33,14.32,85,100,4.41,overcast clouds
655,Atotonilco El Grande,MX,20.28,-98.67,55.72,73,22,3.11,few clouds
656,Nikel,RU,69.41,30.22,33.8,100,100,28.86,drizzle
657,Dong Hoi,VN,17.48,106.6,76.23,86,100,31.27,heavy intensity rain
658,Girne,CY,35.34,33.32,66.2,88,20,8.05,few clouds
659,Nantucket,US,41.28,-70.1,52.0,63,90,5.82,overcast clouds
660,Chifeng,CN,42.27,118.96,51.51,36,0,10.6,clear sky
661,Panaba,MX,21.28,-88.27,74.98,95,100,6.91,overcast clouds
662,Sola,VU,-13.88,167.55,80.65,76,4,15.82,clear sky
663,Nocupetaro,MX,19.05,-101.15,72.86,78,63,2.93,broken clouds
664,Ulladulla,AU,-35.35,150.47,66.2,63,40,8.05,scattered clouds
665,La Rioja,ES,42.25,-2.5,50.0,93,40,4.79,scattered clouds
666,Khanpur,PK,28.65,70.66,82.98,16,0,7.94,clear sky
667,Todos Santos,MX,23.45,-110.22,73.99,65,17,4.0,few clouds
668,Lujiang,CN,31.26,117.28,64.0,77,40,11.18,mist
669,Botro,CI,7.85,-5.31,71.29,88,92,2.28,overcast clouds
670,Pochutla,MX,15.74,-96.47,77.0,94,70,3.18,broken clouds
671,Ustye,RU,59.63,39.74,41.72,91,71,11.54,broken clouds
672,Krasnokamensk,RU,50.1,118.04,33.48,72,38,10.92,scattered clouds
673,Kendari,ID,-3.94,122.5,89.35,51,7,8.55,clear sky
674,Hailar,CN,49.2,119.7,33.03,77,0,12.75,clear sky
675,Bosobolo,CD,4.18,19.9,70.47,95,99,1.41,overcast clouds
676,Evensk,RU,61.95,159.23,28.99,82,0,8.23,clear sky
677,Waingapu,ID,-9.66,120.26,88.45,56,93,11.74,overcast clouds
678,Zambezi,ZM,-13.54,23.1,64.45,75,18,1.74,few clouds
679,Troitskoye,RU,52.98,84.68,37.81,70,83,22.41,broken clouds
680,Lichtenfels,DE,50.15,11.06,46.0,79,100,1.01,moderate rain
681,West Wendover,US,40.74,-114.07,37.4,44,1,4.7,clear sky
682,Monrovia,LR,6.3,-10.8,75.2,94,75,4.9,mist
683,Meulaboh,ID,4.14,96.13,86.02,62,80,1.1,broken clouds
684,Ocho Rios,JM,18.4,-77.1,75.99,95,71,13.29,moderate rain
685,Selkirk,CA,50.14,-96.88,35.6,96,90,9.17,overcast clouds
686,San Jose,US,37.34,-121.89,62.01,43,0,0.78,clear sky
687,Mosquera,CO,4.71,-74.23,57.2,87,40,2.24,scattered clouds
688,Zhigalovo,RU,54.81,105.16,37.69,75,67,2.8,broken clouds
689,Kerema,PG,-7.96,145.78,82.15,77,83,11.95,broken clouds
690,Anse-Bertrand,GP,16.47,-61.51,75.2,94,21,2.24,few clouds
691,Neryungri,RU,56.67,124.65,13.3,92,100,6.76,overcast clouds
692,Baykit,RU,61.67,96.37,16.36,92,100,14.88,light snow
693,Necochea,AR,-38.55,-58.74,51.01,86,61,1.01,broken clouds
694,Laurel,US,39.1,-76.85,60.01,87,90,3.47,overcast clouds
